{"uuid": "intervention_26", "description": {"error": "Error generating description."}, "agents_size": 100, "simul_days": 1, "start_date": "03-01-2024", "name": "Deborah Johnson", "gender": "Female", "race": "Black or African American", "birthday": "08-15-1939", "age": null, "weight": null, "BMI": null, "disease": "intervention", "building": "", "street": "Main Street", "district": "Downtown", "city": "Atlanta", "state": "Georgia", "zipcode": "30303", "home_longitude": null, "home_latitude": null, "education": "Bachelor's degree in Social Work", "language": "English", "income": "$36,000", "industry": "Social Services", "occupation": "Retired Social Worker", "retirement": "Yes", "company": "Georgia Community Services", "work_addr": "100 Peachtree St NW, Atlanta, GA 30303", "work_longitude": null, "work_latitude": null, "others": null}