{"uuid": "9c7caa8b-9875-30b3-a817-cb3de9d88f68", "description": "Alice Smith is a Caucasian Female living in 123 Main Street, Downtown, Boston, Massachusetts, 02108. The physical status of her is Early-stage Alzheimer's disease (Mild Cognitive Impairment), causing mild cognitive impairment. Alice is a Social Worker with an annual income of $45,000 at Boston Community Services (456 Elm Street, Boston, Massachusetts, 02109). She is not retired. She speaks English. Alice's education background is Bachelor's degree in Social Work. Her date of birth is 06-15-1967. Alice enjoys engaging in social activities.", "agents_size": 37, "simul_days": 1, "start_date": "03-01-2024", "name": "Alice Smith", "gender": "Female", "race": "Caucasian", "birthday": "06-15-1967", "age": null, "disease": "Early-stage Alzheimer's disease (Mild Cognitive Impairment)", "building": "", "street": "123 Main Street", "district": "Downtown", "city": "Boston", "state": "Massachusetts", "zipcode": "02108", "home_longitude": null, "home_latitude": null, "education": "Bachelor's degree in Social Work", "language": "English", "income": "45,000", "industry": "Social services", "occupation": "Social Worker", "retirement": "No", "company": "Boston Community Services", "work_addr": "456 Elm Street, Boston, Massachusetts, 02109", "work_longitude": null, "work_latitude": null}