{"uuid": "control_10_1", "description": {"error": "Error generating description."}, "agents_size": 100, "simul_days": 1, "start_date": "03-01-2024", "name": "James Johnson", "gender": "Male", "race": "Black or African American", "birthday": "11-17-1940", "age": null, "weight": null, "BMI": null, "disease": "control", "building": "", "street": "Main Street", "district": "Downtown", "city": "Chicago", "state": "Illinois", "zipcode": "60601", "home_longitude": null, "home_latitude": null, "education": "Bachelor's degree", "language": "English", "income": "$35,000", "industry": "Finance", "occupation": "Retired accountant", "retirement": "Yes", "company": "", "work_addr": "", "work_longitude": null, "work_latitude": null, "others": null}